{"acc": 0.7468042473514389, "loss": 0.23586331474586195, "_timestamp": 1710458202.8868558, "_runtime": 0.5117747783660889, "_step": 7, "_wandb": {"runtime": 0}}